Gene Symbol,HK index,Mixing ratio,Sigma,Zero (%),F-statistics
SNRPD3,0.96853,0,0.46968,0,2.07877
PFN1,0.96837,0,0.5578,0,0.86475
SRRM1,0.96506,0,0.54305,0,1.79468
HNRNPA2B1,0.96387,0.02256,0.55726,0,-0.25471
YWHAB,0.96113,0.01094,0.43815,0,2.42156
RPL36,0.96013,0,0.55402,0,2.16332
GDI2,0.95726,0,0.54715,0,2.2798
NCL,0.95719,0.01534,0.42665,0,2.71167
RPL8,0.95696,0,0.48138,0,2.9774
C14ORF2,0.95649,0,0.47916,0.00065,2.62449
CSDE1,0.95492,0.00074,0.54035,0,2.44736
STOML2,0.95341,0.0299,0.45083,0.00065,2.15219
ARF1,0.95288,0.00068,0.51529,0,2.81671
TARDBP,0.95239,0.03292,0.57688,0,1.29337
RPS5,0.95157,0,0.53032,0,3.05332
THRAP3,0.95028,0,0.61155,0,2.31209
HNRNPM,0.94976,0,0.61796,0,1.99171
POLR2E,0.94881,0.00072,0.64859,0,1.07788
SRSF3,0.94768,0.04894,0.41824,0,2.38147
CKS1B,0.94721,0,0.54752,0,3.06605
COX6A1,0.94656,0.01354,0.46601,0,3.28281
RPL15,0.94652,0,0.4723,0,3.51955
NPM1,0.94633,0,0.52423,0.00065,3.08808
RPS19,0.94529,0.02741,0.45731,0,3.20024
EIF3I,0.94475,0.02782,0.54293,0,2.79159
DHX9,0.94365,0.05083,0.53828,0.00131,0.10011
ETF1,0.94339,0.03655,0.52161,0,2.74473
C9ORF78,0.9433,0.04655,0.55341,0.00131,0.58797
RSL1D1,0.94244,0,0.56825,0,3.29402
ZC3H15,0.942,0.0261,0.53637,0,3.0692
YWHAE,0.94181,0,0.56099,0,3.35946
LRRC59,0.94171,0.05435,0.56689,0,1.20858
MAPRE1,0.94052,0.04676,0.50783,0.00065,2.22238
COX7A2L,0.93939,0.0569,0.44921,0.00197,1.26599
RPS20,0.93863,0.00499,0.53581,0,3.44839
COX5B,0.93699,0.03707,0.38287,0,3.50027
RPS6,0.93657,0.00613,0.37549,0,3.89637
HSPA8,0.93647,0.06329,0.4878,0,2.0816
NASP,0.93605,0,0.55254,0,3.66514
RHOA,0.93605,0.00183,0.55017,0,3.51031
SNRPF,0.93513,0.06757,0.39751,0.00065,1.66258
CSNK2B,0.93486,0,0.5815,0,3.56687
MRPL20,0.9348,0.02982,0.46879,0,3.61327
PSMA6,0.93474,0,0.61954,0,3.157
YME1L1,0.93455,0.01849,0.63799,0,2.67511
HNRNPU,0.93391,0.00238,0.66023,0,2.59743
SF3A3,0.93326,0.03787,0.52793,0.00065,3.03032
EEF1B2,0.93274,0.02545,0.48371,0,3.72547
EIF4G2,0.9327,0,0.60392,0,3.49437
HNRNPK,0.93239,0,0.68853,0,2.27649
RPL7A,0.93162,0,0.54993,0.00065,3.63982
SF3B5,0.93119,0.02685,0.57317,0.00197,2.80495
SRSF7,0.93114,0.05728,0.52046,0,2.70644
WDR43,0.93068,0.02507,0.5842,0,3.34814
HIGD2A,0.93063,0.03728,0.55804,0.00526,1.89498
DDX18,0.93058,0.04723,0.55776,0.00065,2.60392
NACA,0.92937,0,0.51298,0,4.06126
RPS25,0.92935,0.01826,0.48517,0,3.92359
EIF3L,0.92933,0,0.57802,0.00065,3.59477
PTMA,0.92901,0.00858,0.53748,0,3.83435
TCOF1,0.92898,0.04793,0.6274,0.00197,0.74547
CHCHD2,0.92879,0.05187,0.40594,0.00065,3.22124
SNRPG,0.92741,0.04873,0.39671,0.00065,3.40283
RAB7A,0.92673,0,0.64901,0,3.39152
CKAP5,0.92637,0.05746,0.58913,0.00065,1.93359
SRSF10.UID_1003,0.92623,0.02886,0.58061,0.00065,3.28478
RBM17,0.92614,0.01979,0.55475,0,3.78178
MCM3,0.92541,0.05563,0.61832,0.00065,1.66339
HSPA14,0.92492,0.05977,0.61275,0.00197,-0.20956
EBNA1BP2,0.92487,0.03006,0.57389,0.00065,3.35792
RPL30,0.92481,0,0.65112,0,3.46095
RPS24,0.92458,0,0.54738,0,4.10352
SZRD1,0.92453,0.0464,0.54131,0.00197,2.88739
NDUFA13,0.92423,0,0.64043,0.00065,3.34993
RPL10A,0.92404,0.03938,0.3889,0,3.96725
MRTO4,0.92375,0,0.67738,0,3.24025
RPS13,0.92348,0,0.57915,0,4.00659
SF3B1,0.92343,0.03438,0.55721,0.00131,3.30653
SRSF11,0.92337,0,0.59466,0.00065,3.73813
EIF3F,0.92236,0,0.6184,0.00197,3.40145
PSME3,0.92236,0.07157,0.49973,0.00131,1.7467
STRAP,0.92211,0,0.67242,0,3.37295
FAM96B,0.92103,0.02934,0.56568,0.00131,3.47235
CBX3,0.92084,0,0.6528,0,3.61982
NAA50,0.92071,0.06904,0.52216,0,2.67908
SF3B2,0.92025,0,0.60828,0.00065,3.77748
RAB5C,0.92004,0.07966,0.50521,0.00065,0.96437
NACA2,0.91998,0.02476,0.43455,0,4.24246
SMC2,0.91852,0.0506,0.61545,0.00197,2.30421
SAFB,0.91814,0.05602,0.60531,0.00328,1.78243
TRA2B,0.91801,0,0.61989,0,3.88586
IMMT,0.91746,0.06183,0.51795,0.00262,2.57263
RPL28,0.91736,0,0.74718,0,2.39991
SRSF1,0.91722,0.05822,0.50597,0,3.51396
RBMX,0.91682,0.01208,0.57604,0,4.0706
SEC61G,0.91676,0.04755,0.59861,0,3.40011
RPA3,0.91665,0.04146,0.59757,0.00658,2.31236
RANBP1,0.91603,0,0.68284,0,3.44553
PLEKHB2,0.91595,0.03481,0.54512,0,3.97722
MRPS7,0.91532,0.08371,0.44289,0,2.22645
SARNP,0.91508,0.03426,0.53952,0.00526,3.33039
IMP4,0.91436,0.02083,0.67007,0.00065,3.18922
TMBIM6,0.91409,0.02739,0.60435,0,3.89077
LUC7L3,0.91407,0.01828,0.63475,0,3.78565
RPL18A,0.91329,0.04896,0.46616,0.00197,3.67673
U2AF1,0.91322,0.0672,0.47873,0,3.45439
LMAN2,0.91302,0.03311,0.60068,0.00197,3.44309
YBX1,0.91247,0.00736,0.74953,0,2.34336
SON,0.91203,0,0.70504,0,3.47761
RPS14P3,0.91182,0,0.54816,0.00065,4.24248
SCAF11,0.91166,0.05317,0.6248,0.00262,2.44303
DRG1,0.91165,0.02824,0.5655,0.00197,3.80271
NDUFA6,0.91153,0,0.53253,0,4.44215
DAP3,0.91142,0.04661,0.57968,0.00197,3.34324
RPS10,0.911,0,0.65074,0.00725,3.09751
AHSA1,0.91099,0.06437,0.51788,0,3.51873
PSMD8,0.91084,0,0.62423,0.00131,3.83722
NIFK,0.91051,0.07129,0.51617,0.00394,2.08808
SRP14,0.91029,0.03384,0.50339,0,4.29766
LRRC75A.AS1,0.91016,0.03812,0.53325,0.00065,3.99563
CNOT7,0.9098,0.06423,0.54616,0.00131,3.05083
VAPA,0.90979,0.07218,0.48154,0,3.35676
POP7,0.90962,0.04897,0.53072,0.00065,3.81562
NOP16,0.90956,0.06511,0.52112,0,3.54688
BCLAF1,0.90947,0.0571,0.62286,0,3.22855
SET,0.90947,0.01781,0.62488,0,4.01036
C19ORF10,0.90889,0.04703,0.66907,0.0046,1.78617
NUDC,0.90877,0.04413,0.5311,0.00065,3.94922
MIR6850,0.90807,0,0.68327,0.00858,2.65445
NOP58,0.90773,0.01904,0.55371,0,4.3827
RBX1,0.90771,0.06877,0.48254,0.00131,3.23478
ELAC2,0.90769,0.05342,0.6307,0.00328,2.53414
CDC37,0.90755,0.02888,0.6724,0.00131,3.22666
TWISTNB,0.90672,0.05082,0.63329,0.00526,2.33453
MIR6797,0.90655,0,0.66523,0.00328,3.55694
GPS2,0.90617,0.05159,0.65753,0.00328,2.32548
DDX21,0.90535,0.01189,0.62864,0,4.15896
ILF2,0.90527,7.00E-04,0.63303,0.00065,4.02056
EXOSC10,0.90525,0.05468,0.66303,0.00592,1.32078
RTFDC1,0.90517,0.05945,0.61459,0.00658,1.9249
COPE,0.90516,0,0.68076,0.00197,3.4872
UBA52,0.90481,0.05029,0.43884,0,4.29676
EIF4B,0.90478,0.07468,0.52799,0.00131,2.80831
NHP2L1,0.90464,0,0.63415,0,4.2932
SNRPE,0.9046,0,0.5695,0.00065,4.44989
RPLP0,0.90442,0,0.56137,0,4.61663
ILF3,0.90427,0,0.61888,0,4.40016
DKC1,0.90371,0.07291,0.57975,0,3.12791
OTUB1,0.90311,0.05262,0.50674,0.00131,3.93047
EIF1AX,0.90202,0,0.7171,0.00065,3.54837
PSMB6,0.90186,0.00066,0.60731,0,4.41903
ZNF207,0.90182,0.0746,0.51026,0.00065,3.26934
SNHG3,0.90146,0.0274,0.74815,0.00658,0.02647
MCM7,0.90142,0.07655,0.56081,0,3.16817
GAS5,0.90141,0.05638,0.6442,0.00197,2.89045
DDX27,0.9014,0.03639,0.59667,0.00065,4.04468
RNPS1,0.90079,0.07582,0.44557,0.00065,3.43974
XRCC6,0.90077,0,0.60527,0,4.46697
RAN,0.90059,0.10894,0.32957,0,0.61655
BIRC5,0.9,0.036,0.6596,0.00262,3.39095
BANF1,0.89992,0,0.60107,0,4.5449
CD164,0.8999,0.06696,0.67345,0.00065,2.18735
PRPF40A,0.8998,0.02229,0.54209,0,4.59695
EIF5B,0.89973,0.012,0.6354,0,4.2839
SNRPB,0.89948,0.0922,0.36046,0,2.93978
SNHG16,0.8994,0.04042,0.51257,0.00065,4.35294
NOP56,0.89923,0,0.55946,0,4.74997
NDUFA2,0.8983,0.06377,0.49179,0.00065,3.93485
RPL35,0.89805,0.00132,0.57551,0,4.63827
PCMT1,0.89746,0,0.74973,0,3.42861
EIF3G,0.89742,0.03626,0.5738,0.00065,4.26211
GRPEL1,0.89708,0,0.7681,0.00197,2.59805
EIF6,0.89692,0.03455,0.60292,0,4.32193
SAP30BP,0.8968,0.04191,0.62419,0.00394,3.58214
RPL26,0.89678,0.00197,0.57541,0,4.6717
MEA1,0.89669,0.06403,0.55073,0.00991,2.7355
TPM3,0.89659,0.00066,0.62787,0.00065,4.31272
ZFR,0.89599,0.07816,0.61342,0.00394,1.32311
EIF3H,0.89592,0.10004,0.44224,0.00065,1.77458
CSNK1A1,0.89555,0.08476,0.51619,0.00065,2.93125
TPT1,0.89545,0,0.7459,0,3.6987
POLDIP3,0.89542,0.03896,0.66046,0.00526,3.25871
CYB5B,0.89533,0.05716,0.65682,0.00197,3.10149
SEC61A1,0.89496,0.04283,0.70964,0.00328,2.67914
HNRNPF,0.89489,0,0.66314,0,4.42563
GNL2,0.89486,0.05828,0.64303,0.00658,2.48012
UBE2D3,0.8947,0,0.64695,0.00065,4.36044
EXOSC7,0.89469,0.07012,0.63841,0.00725,1.18154
DHX15,0.89407,0.03681,0.63118,0.00065,4.08497
MRPL22,0.89388,0.06022,0.52945,0.00328,3.77445
SRPK1,0.89355,0.08175,0.51756,0.00065,3.23567
PRPF8,0.89337,0.03339,0.60743,0.00065,4.27556
FBL,0.8932,0.01422,0.71353,0,3.91706
SRSF2,0.89309,0.01575,0.78399,0,2.71057
RBPJ,0.89277,0.05782,0.65658,0.00131,3.29573
DNAJA2,0.89274,0.10313,0.50289,0.00065,1.14564
CTNNA1,0.89269,0.0546,0.51452,0.00131,4.1954
IK,0.89255,0.04479,0.58273,0.00394,3.93976
MRPL19,0.89253,0.07376,0.56506,0.00592,2.61652
PPP6R3,0.89239,0.08579,0.61791,0.00394,-0.38549
SNW1,0.89181,0.06508,0.54152,0,4.13426
SNRPA1,0.89147,0.07032,0.55922,0.00592,3.02006
CIRH1A,0.8909,0.06593,0.6136,0.00328,3.17362
WAC,0.8906,0.05675,0.67366,0.00394,2.83731
SMARCA5,0.89041,0.08193,0.56898,0.00065,3.09666
ARCN1,0.88993,0.07369,0.64218,0.0046,1.9471
POLR2L,0.88978,0.05807,0.51133,0.00131,4.20778
LAMTOR5,0.88974,0,0.7186,0.00065,3.92617
LUC7L,0.88937,0.06475,0.61394,0.0146,1.99519
CYCS,0.88866,0.01483,0.5791,0,4.79147
CCT2,0.88847,0.08286,0.39243,0,3.90994
SEH1L,0.88813,0.07681,0.58817,0.00131,3.23252
SNRPB2,0.88802,0,0.65729,0.00065,4.49297
SUMO1,0.88789,0.05009,0.58248,0.0046,3.93153
PSMG1,0.88778,0.07076,0.61686,0.00791,2.35933
SF3B4,0.88752,0.05078,0.5974,0.0046,3.85059
RPS21,0.8871,0,0.66583,0,4.60728
CENPN,0.8869,0.09246,0.56958,0.00131,2.19021
SSR4,0.88668,0.02077,0.7968,0.00065,2.33332
SEC62,0.88636,0.03488,0.67638,0.00197,3.89132
TRMT6,0.88588,0.05126,0.64788,0.00858,3.19944
SNHG1,0.88573,0.04535,0.76756,0.00262,1.89228
FKBP4,0.88492,0.01603,0.73234,0,3.9966
DNAJC7,0.8847,0.06664,0.58447,0.00725,3.29653
RRP15,0.88417,0.06105,0.62845,0.00658,3.25975
NARF,0.88394,0.03586,0.74513,0.00394,2.87726
PDCD11,0.88393,0.05188,0.65813,0.00197,3.78355
ZNHIT1,0.88264,0.03605,0.64973,0.00328,4.08162
RPL18,0.882,0,0.59459,0,5.04141
CMTM6,0.88182,0.03806,0.73781,0.0046,3.00177
EIF2S2,0.88175,0.08493,0.50474,0,3.8779
WBSCR22,0.88163,0.03653,0.65153,0.00065,4.32075
TPD52L2,0.88162,0.07523,0.61953,0.00131,3.37289
DEK,0.88149,0,0.675,0.00131,4.48679
MLF2,0.88126,0.03702,0.59668,0.00526,4.25281
ISCU,0.8812,0.0441,0.59805,0.00197,4.3939
MATR3,0.8811,0.0534,0.60439,0.00328,4.07531
FAU,0.88075,0.11907,0.35199,0,2.15413
RPS7,0.88015,0.01595,0.57518,0.00262,4.73637
RDX,0.88007,0.057,0.63717,0.00065,4.10187
EWSR1,0.88003,0.09513,0.57327,0,3.10841
STAU1,0.88001,0.04192,0.56702,0,4.80632
RPL37,0.88,0,0.68259,0,4.69226
C14ORF166,0.87996,0.06002,0.53601,0,4.5927
ARGLU1,0.87979,0.04142,0.68685,0.00328,3.79269
CBX1,0.87901,0.06324,0.63046,0.00394,3.63018
MAPK1IP1L,0.87855,0.08866,0.48875,0.00262,3.35819
SEC61B,0.87849,0.03292,0.52926,0.00065,4.92818
ATP6V1D,0.87819,0.06336,0.61519,0.00394,3.76468
RAB1A,0.87803,0.08357,0.50897,0.00065,3.85846
GORASP2,0.87803,0.06858,0.60149,0.00924,3.24943
RPS16,0.87799,0,0.61215,0,5.07236
RPL6,0.87797,0.04666,0.43115,0,5.05155
TXN2,0.87764,0.046,0.62704,0.00197,4.307
HNRNPC,0.87745,0.12544,0.35799,0,1.91999
MRPL16,0.87737,0.04401,0.63882,0.00725,3.93503
MRPL44,0.87732,0.07139,0.61241,0.00592,3.29116
ACP1,0.8771,0.02843,0.59518,0.00197,4.69774
PLRG1,0.87689,0.06882,0.6525,0.00858,2.76198
SMARCB1,0.87685,0.07244,0.63947,0.00791,2.78085
SMC3,0.87673,0.0317,0.60987,0.00197,4.60704
PSMB4,0.87638,0,0.60517,0,5.13641
CEP57,0.87593,0.05753,0.66224,0.0146,2.89988
FTSJ3,0.87565,0.06185,0.68318,0.00526,3.18791
WDR46,0.87564,0.0471,0.66397,0.00262,4.08788
FKBP2,0.87484,0.05258,0.66803,0.0046,3.77574
TSR1,0.87456,0.07106,0.62919,0.00328,3.58058
EIF2S1,0.87445,0.11334,0.52679,0,2.43809
RPS15,0.87412,0,0.62381,0,5.05563
UBAP2L,0.87402,0.04973,0.6821,0.00328,3.8832
ARF6,0.87399,0.05009,0.70098,0,4.15407
COX7A2,0.87393,0,0.59262,0,5.2275
PNO1,0.87374,0.04882,0.63928,0.00394,4.15222
SAFB2,0.87362,0.04121,0.7233,0.0046,3.54416
DENR,0.8735,0.03936,0.5823,0.00197,4.7165
ZCCHC17,0.87345,0.03862,0.62849,0.00658,4.24029
PTCD3,0.87279,0.06735,0.58356,0.00526,3.91952
SYAP1,0.87267,0.03733,0.74757,0.01325,2.51752
EIF5A,0.87235,0,0.84168,0,2.84217
RPP30,0.87225,0.08273,0.59449,0.00791,2.85268
RPS18,0.87216,0.08932,0.40337,0,4.17565
EIF3IP1,0.87199,0.08175,0.53497,0.0173,2.62759
RQCD1,0.87144,0.03739,0.73402,0.00197,3.84217
RAD21,0.87129,0.06442,0.75007,0.00065,3.00529
UBE2K,0.87124,0.10467,0.52349,0.00065,3.0237
CEBPZ,0.87106,0.01287,0.70156,0.00262,4.32416
MRPS14,0.87102,0.06335,0.60265,0.01662,3.37267
MYEOV2,0.87096,0.03728,0.60979,0.00197,4.68853
CS,0.87095,0.05778,0.58978,0.00065,4.56594
PCM1,0.87082,0.06513,0.69463,0.01527,2.03414
PFDN2,0.8702,0.02801,0.6071,0.00262,4.76956
SAR1A,0.8701,0.1052,0.48054,0.00065,3.23648
RPL10,0.8699,0,0.76465,0.00131,4.08214
COX7B,0.86922,0.02219,0.63267,0,5.01326
SRSF6,0.8691,0.04289,0.72609,0.00065,4.08876
NAPA,0.86905,0.04309,0.61039,0.00791,4.32383
IST1,0.86899,0.06836,0.60372,0.00197,4.15722
BRD2,0.86854,0.03469,0.70278,0,4.541
RNF181,0.86836,0.03556,0.64775,0.00526,4.38779
DHX29,0.86825,0.07338,0.6323,0.01258,2.96777
GRWD1,0.86823,0.05839,0.67452,0.00394,3.84806
KIAA0020,0.86823,0.05651,0.62824,0,4.63206
NDUFB11,0.8682,0.02602,0.61216,0.00131,4.90575
PIPSL,0.86818,0.07012,0.53659,0.00658,4.08415
UBB,0.86812,0,0.65244,0,5.12484
U2SURP,0.86804,0.06045,0.61649,0,4.59779
SF1,0.86771,0.0116,0.83525,0.00065,2.62008
PSMD2,0.86768,0.00601,0.68659,0.00065,4.72211
APEX1,0.86743,0.0558,0.54205,0.00065,4.83597
NOL10,0.8673,0.06763,0.65068,0.00991,3.3406
PSMB3,0.86725,0.05519,0.48524,0,5.10437
CHCHD7,0.86721,0.03324,0.64343,0.0046,4.50395
STIP1,0.86717,0.05271,0.58588,0,4.8929
SBDS,0.86694,0.06035,0.64194,0.0046,4.01569
MARS,0.86649,0.05047,0.69622,0.00131,4.1588
COPS3,0.86631,0.08318,0.56492,0.00394,3.70375
MRPS25,0.86624,0.05431,0.52641,0.00131,4.86307
RAB10,0.8659,0.04249,0.69818,0.00262,4.20632
EMC4,0.86578,0.04146,0.62165,0.00328,4.63204
TMEM50A,0.86554,0.05816,0.61725,0.00262,4.40804
ORC6,0.86514,0.06962,0.68597,0.00858,3.0125
YTHDF2,0.865,0.03651,0.64169,0.00065,4.80201
CDC5L,0.86486,0.04205,0.62266,0.0046,4.56663
EIF4E2,0.86441,0.0553,0.53843,0.00197,4.8075
DNTTIP2,0.86424,0.04365,0.67693,0.00131,4.48968
PKN2,0.86416,0.03103,0.78021,0.01527,2.21829
PRMT1,0.86395,0.03017,0.59474,0.00131,5.03305
EIF3K,0.86359,0.00066,0.60895,0,5.3152
TRIAP1,0.86351,0.05081,0.6586,0.00328,4.33151
CNOT2,0.86349,0.06764,0.68303,0.01393,2.86895
FXR1,0.86317,0.08058,0.58559,0.00394,3.83882
NSD1,0.86304,0.06544,0.70937,0.00924,3.00977
NOP2,0.86299,0.0536,0.65765,0.00328,4.29934
KNOP1,0.86296,0.03539,0.66451,0,4.89956
AURKB,0.86277,0.08824,0.62355,0.00394,3.17899
C14ORF119,0.86251,0.04921,0.6139,0.00328,4.62458
USP10,0.86231,0.11828,0.4669,0.00131,2.72494
RBM14,0.86214,0.0505,0.7215,0.00328,3.91942
POMP,0.86182,0.02601,0.6039,0,5.26226
UBXN4,0.86167,0.04906,0.59696,0.00658,4.55553
Sep-02,0.86154,0.03148,0.6066,0.00131,5.03402
MRPL57,0.8614,0.04797,0.57013,0.00262,4.87454
SPCS2,0.86138,0.10154,0.50212,0.02206,0.86768
PRPF4,0.86131,0.07469,0.67519,0.01527,2.46575
HSBP1,0.86069,0,0.63647,0.00065,5.1752
BCAP31,0.8604,0.04818,0.72971,0.00262,4.01101
DNAJC8,0.85988,0.03645,0.58318,0,5.27594
SRSF4,0.85946,0.07254,0.5828,0.0046,4.21124
PSMD4,0.85921,0,0.70664,0,4.97187
EIF3A,0.85896,0.12185,0.48102,0,3.208
MRPL55,0.85852,0.01655,0.72982,0.00131,4.55853
NSA2,0.85806,0.07752,0.63619,0.00328,3.90054
GTF2F1,0.8579,0.03822,0.73252,0.00262,4.22323
SCO1,0.85778,0.0728,0.674,0.01191,3.16529
WSB1,0.85771,0.03132,0.67985,0.00131,4.77257
VIMP,0.85724,0.06812,0.70683,0.01258,2.93838
SAP18,0.85716,0,0.67281,0,5.19728
AATF,0.85715,0.09381,0.60139,0.00658,3.07656
UXT,0.85646,0.0203,0.71163,0.00328,4.57757
PAK1IP1,0.85633,0.05683,0.61357,0.00328,4.6435
ADRM1,0.85632,0,0.70262,0,5.08017
TIMMDC1,0.85632,0.07812,0.59312,0.0046,4.08143
KIF5B,0.85614,0.09234,0.49106,0.00065,4.27553
RPL38,0.85605,0.0657,0.43859,0,5.19878
RAD1,0.85602,0.07341,0.66285,0.01058,3.43269
LYAR,0.85567,0.06285,0.6733,0.00131,4.36392
EEF2,0.85559,0,0.74404,0,4.8709
NTMT1,0.85544,0.07084,0.62127,0.00858,3.9772
RPS27,0.85544,0.03266,0.67094,0.00858,4.49618
POLR2F,0.85507,0.01462,0.64335,0,5.31166
RBM25,0.85501,0.02343,0.69194,0,5.02381
MELK,0.85496,0.0774,0.69525,0.01393,2.43654
NIPBL,0.85473,0.03673,0.76454,0.01595,3.13318
SUMO2,0.85434,0.00793,0.67836,0.00131,5.00998
TMPO,0.85434,0.05558,0.74203,0.00131,4.04743
NOP10,0.85428,0.00104,0.67117,0.00065,5.14572
POLR1D,0.85382,0.03232,0.70849,0.00065,4.76354
HNRNPDL,0.85357,0,0.70976,0,5.14712
NSRP1,0.8534,0.08335,0.65717,0.00526,3.45407
MESDC2,0.85305,0.05161,0.67062,0.00328,4.54776
ZCRB1,0.85303,0.04973,0.61393,0.00592,4.71274
HCCS,0.85285,0.05919,0.77547,0.01191,2.19422
SURF6,0.85211,0.04588,0.82291,0.00526,2.31021
NUDT21,0.85188,0.09662,0.52808,0.00197,4.02304
FAM60A,0.85181,0.07293,0.61261,0.0046,4.2818
NDUFB6,0.85176,0.09186,0.45382,0,4.60112
TMA7,0.85142,0.04294,0.51875,0.00328,5.26131
GNL3,0.85141,0,0.73137,0,5.05568
PRPF4B,0.85129,0.05462,0.70492,0.00262,4.34996
COA6,0.85083,0.04368,0.63022,0.00924,4.6702
ABHD2,0.85042,0.07561,0.65129,0.01595,3.36617
NOLC1,0.85039,0.05026,0.58889,0,5.2984
SNHG8,0.85034,0.05694,0.62261,0.00197,4.83114
NAT10,0.85003,0.04982,0.71114,0.01527,3.80975
XPO1,0.85003,0.03419,0.76301,0.00131,4.32212
SF3B6,0.85001,0.02791,0.63597,0.00197,5.17177
LOC102288414,0.84946,0.03262,0.66404,0.0173,4.41103
TCERG1,0.84938,0.03004,0.73067,0.00197,4.62575
OGFOD1,0.84922,0.09436,0.62216,0.01393,2.63208
LMAN1,0.84905,0.08246,0.63737,0.00526,3.85543
ERP44,0.84892,0.08688,0.69659,0.01595,1.69892
CLINT1,0.84884,0.06415,0.66645,0.00791,4.1611
ARPP19,0.84879,0.07366,0.67898,0.00065,4.287
NMT1,0.84879,0.08575,0.73006,0.00065,3.28741
RBM6,0.84873,0.05846,0.71041,0.01124,3.79709
NAE1,0.84871,0.11359,0.6114,0.00394,2.34453
TIMM23,0.84854,0.08031,0.6246,0,4.55666
SIVA1,0.84833,0.07694,0.60047,0.00065,4.62609
TSN,0.84831,0.05692,0.68919,0.00658,4.23805
KPNA1,0.84828,0.06021,0.72193,0.01595,3.37285
GTF3C2,0.84827,0.06245,0.71546,0.00592,3.92855
MED28,0.84803,0.07336,0.66385,0.00991,3.79848
C12ORF45,0.84766,0.06361,0.6689,0.01393,3.93332
ORC1,0.84752,0.08334,0.72025,0.01865,0.96941
COX6C,0.8469,0.1261,0.43936,0.00065,3.44702
DDX52,0.84677,0.06789,0.66182,0.01124,3.99796
PAIP2,0.84664,0.0324,0.68522,0.00328,4.87029
MRPL53,0.84658,0.05649,0.67789,0.00658,4.393
GIGYF2,0.84648,0.08107,0.71419,0.0173,2.05655
CDC27,0.84632,0.07964,0.68906,0.02138,2.34251
UTP6,0.84612,0.05216,0.67077,0.00262,4.7467
SMAD2,0.84592,0.08282,0.68829,0.02206,1.99384
YTHDC1,0.8451,0.02221,0.75786,0.00526,4.36849
PSMC5,0.84486,0,0.69649,0.00065,5.21559
TRIM13,0.8448,0.06875,0.73301,0.02069,2.56119
ARIH2,0.84448,0.11257,0.47714,0,4.14891
UBE2L3,0.84434,0.08289,0.48819,0,4.9902
TAF1D,0.84433,0.05887,0.77982,0.00394,3.48766
BCCIP,0.84411,0.10474,0.49489,0.00065,4.21683
SS18,0.84363,0.07861,0.72638,0.01865,2.11222
SRRT,0.84355,0.0452,0.65001,0.00526,4.87522
SLC3A2,0.84348,0.06208,0.70675,0,4.69454
ABT1,0.84321,0.04391,0.69575,0.00592,4.61728
WAPAL,0.84288,0.06629,0.70311,0.00394,4.22225
EIF3M,0.84279,0.09185,0.42935,0.00065,4.73409
METAP2,0.84248,0.10149,0.53645,0,4.41332
NCBP2,0.84213,0.01221,0.73618,0.00065,4.99212
C1ORF43,0.84202,0.07591,0.60941,0.01798,3.93091
UBQLN1,0.84137,0.03878,0.71105,0.00197,4.85419
TTC1,0.84057,0.0494,0.66323,0.00394,4.8907
CDC42,0.84055,0.00931,0.76876,0,4.89484
TFAM,0.84049,0.09388,0.53966,0,4.67378
PRPF6,0.84047,0.068,0.75029,0.01325,3.16355
DDX6,0.84024,0.05178,0.72309,0.00394,4.48515
SEC13,0.84011,0.04606,0.65915,0.0046,4.93461
MPHOSPH10,0.84003,0.06932,0.69378,0.00658,4.12342
BDP1,0.83979,0.04628,0.7882,0.01527,3.22031
FUBP1,0.83953,0.0237,0.71386,0.00065,5.14263
Sep-15,0.83936,0.10503,0.56362,0.00065,4.14542
DDX56,0.83902,0.05916,0.64982,0.00197,4.92794
PAFAH1B1,0.83868,0.05607,0.70661,0.00991,4.28117
UBE2T,0.83844,0.06673,0.64512,0.00725,4.53571
SELK,0.83835,0.03061,0.69094,0.00526,4.93766
TUBB4B,0.83815,0,0.83491,0,4.30102
PET100,0.83814,0.05034,0.68003,0.01058,4.56788
PDCD10,0.83796,0.08203,0.68154,0.00526,3.92624
RANBP3,0.83796,0.07131,0.71865,0.03381,2.25126
MRPS18B,0.83768,0.06243,0.57422,0.0046,5.04569
WDR74,0.83766,0.05666,0.59483,0.00262,5.19671
SRP72,0.83749,0.08202,0.55787,0.00065,4.89635
LLPH,0.83744,0.04274,0.66534,0.00858,4.8523
PAF1,0.83734,0.05164,0.74964,0.01258,3.92851
KLHDC3,0.8372,0.07264,0.68174,0.01258,3.93169
CSNK2A1,0.83695,0.06053,0.6062,0.0046,4.98688
RPA2,0.83648,0.08292,0.63276,0.00858,4.0996
RBM18,0.83625,0.07764,0.68615,0.02549,3.05836
RBM22,0.83586,0.09244,0.60656,0.01258,3.70061
TRAPPC1,0.8355,0.06484,0.71618,0.01527,3.86327
GAPVD1,0.83509,0.06855,0.67965,0.01595,4.02378
EEF1A1,0.83509,0,0.74857,0,5.29963
MCM4,0.83487,0.05988,0.61334,0.00065,5.27
ATP6V1E1,0.83467,0.0446,0.63177,0.00328,5.27004
FBXW2,0.83449,0.09253,0.64304,0.02206,2.87105
MRPL2,0.83439,0.05252,0.65585,0.00394,5.01641
TMEM208,0.83425,0.04512,0.6807,0.00526,4.94075
DDX49,0.83418,0.0856,0.67231,0.00924,3.74464
PPAT,0.83418,0.06419,0.70057,0.01662,3.99804
DDX55,0.83408,0.04678,0.77054,0.01865,3.58624
SRA1,0.83407,0.05755,0.63748,0.01595,4.59439
CCNL1,0.83397,0.04352,0.77424,0.02617,3.26593
NUP85,0.83375,0.0707,0.64246,0.00526,4.63903
FAM222B,0.83367,0.08062,0.7567,0.01527,2.32012
STX3,0.83334,0.06277,0.79143,0.01527,2.75806
GMNN,0.83325,0.06561,0.61044,0.00526,4.92424
CHD7,0.83312,0.07313,0.74165,0.01191,3.46868
HNRNPA1,0.83312,0,0.74343,0.00262,5.12784
NOB1,0.83312,0.05008,0.67771,0.00658,4.83736
ANKRD17,0.83225,0.07385,0.7126,0.00526,4.1488
TMOD3,0.83209,0.06136,0.70405,0.01527,4.16932
PCBP1,0.83174,0.03405,0.72518,0,5.26564
CCNF,0.83152,0.0728,0.79717,0.00658,2.82397
PRPF3,0.83118,0.0743,0.72423,0.01865,3.35647
CTR9,0.83101,0.07105,0.75414,0.02001,2.97459
VPS26A,0.83052,0.06063,0.7471,0.0046,4.30878
HMGB2,0.83045,0.05947,0.67599,0,5.21683
RANBP2,0.82968,0.0237,0.79311,0.00262,4.56397
NUP62,0.82958,0.11917,0.63128,0,3.79221
METTL16,0.82911,0.08286,0.7134,0.02755,2.50593
SNRNP25,0.82892,0.06781,0.71043,0.00526,4.44367
CPSF6,0.82863,0.1042,0.53323,0.00131,4.49662
ELP5,0.82841,0.06044,0.77922,0.01933,3.16781
ACTR2,0.82818,0.07117,0.74051,0.01325,3.71889
SRP54,0.82811,0.07631,0.63697,0.00526,4.67247
ATOX1,0.82779,0.05364,0.64119,0.00658,5.10134
UTP11L,0.82778,0.07357,0.61723,0.00328,4.9362
COIL,0.82777,0.07211,0.75275,0.03731,1.92857
ZFAND6,0.82732,0.05236,0.71813,0.01393,4.44355
TIMM17A,0.8273,0.1183,0.47332,0.00131,4.24897
RBM28,0.82719,0.06538,0.74632,0.01258,3.93844
NRBP1,0.82677,0.0551,0.74912,0.00592,4.46836
LOC727896,0.82666,0.0678,0.60528,0.03241,4.25534
SDAD1,0.82643,0.07664,0.62912,0.00991,4.56246
BMS1,0.82637,0.04506,0.69295,0.00791,4.94326
MEAF6,0.8262,0.05061,0.68119,0.02411,4.46792
MTF2,0.82612,0.09569,0.6003,0.01325,3.94701
TNPO1,0.82611,0.06707,0.64578,0,5.30793
POLR2J,0.82611,0.10684,0.55484,0.00262,4.30083
ESRP1,0.82597,0.06158,0.69824,0.00858,4.59928
MRPS21,0.82583,0.07759,0.53692,0.00065,5.32268
SRPR,0.82564,0.07862,0.69436,0.01595,3.85161
LTV1,0.82546,0.06854,0.7029,0.00924,4.39739
SUPV3L1,0.82522,0.07583,0.71727,0.01595,3.77826
ARID1A,0.82501,0.03989,0.80827,0.00526,4.16593
SSR1,0.82498,0.09263,0.64971,0,4.65508
XPO5,0.82484,0.0914,0.64591,0.00924,4.03319
MDM4,0.8248,0.05066,0.80768,0.00197,4.21379
CPNE1,0.82432,0.06779,0.73435,0.00924,4.19911
AP3S1,0.82402,0.07447,0.6968,0.00924,4.28943
COX16,0.82378,0.01879,0.70235,0.00991,5.14326
SYF2,0.82375,0.02948,0.70244,0.00394,5.28639
SPINT2,0.82363,0,0.77409,0.00065,5.21794
EMG1,0.82359,0.08279,0.61506,0.00262,4.83314
MED13,0.82342,0.05227,0.83347,0.01258,2.96052
RBM34,0.82311,0.02854,0.72519,0.00394,5.1776
CALU,0.82291,0.03234,0.7371,0.00791,4.90233
GID8,0.82283,0.0924,0.66633,0.00791,3.99816
PSMC4,0.82277,0.08505,0.59452,0.00065,5.03522
WDR12,0.82255,0.06789,0.72988,0.01191,4.18597
MCRS1,0.82252,0.05063,0.69589,0.00791,4.92755
GFM1,0.82249,0.07941,0.74686,0.01595,3.34401
EZH2,0.82225,0.06779,0.75166,0.01798,3.72023
ZRANB2,0.82211,0.03208,0.76635,0.00262,4.93294
RBM3,0.82205,0.05476,0.69089,0.00065,5.28178
SMG1,0.82198,0.05737,0.74238,0.00592,4.5979
WDR61,0.82197,0.06168,0.75387,0.03802,3.11384
RAF1,0.82188,0.07499,0.67249,0.00924,4.50716
STARD7,0.82155,0.0688,0.60636,0.00262,5.26712
ENSA,0.82149,0.11811,0.60867,0.00065,4.06377
EIF4E,0.82124,0,0.82828,0.0046,4.46002
ZNF738,0.82121,0.09274,0.67655,0.01662,3.50157
PTRH2,0.82079,0.08225,0.62506,0.00725,4.65266
PRCC,0.82046,0.04261,0.73376,0.00658,4.90798
CRK,0.82028,0.04694,0.75232,0.01662,4.36837
LBR,0.82009,0.09379,0.74506,0.01191,2.85172
CDCA4,0.82008,0.06452,0.70515,0.01595,4.41308
Sep-07,0.82003,0.10668,0.59675,0.00394,4.22499
UPF2,0.8199,0.0295,0.76459,0.01124,4.66882
TCEB3,0.8195,0.07214,0.62201,0.00131,5.26343
LOC401010,0.81947,0.10705,0.62166,0.03943,1.90234
EIF3J,0.81934,0.04578,0.80711,0.00065,4.59785
PPHLN1,0.81909,0.09401,0.63878,0.00065,4.70401
MMADHC,0.81862,0.10655,0.56853,0.00791,4.18432
ZNF638,0.81831,0.05869,0.73617,0.01595,4.34061
JMJD6,0.81831,0.07591,0.71382,0.00791,4.36283
CNOT1,0.8182,0.07767,0.64569,0.00394,4.89178
RPL41,0.81797,0.07287,0.58161,0.00394,5.26415
SNRNP40,0.81735,0.0969,0.57299,0.00991,4.43388
CGGBP1,0.81709,0.08669,0.71048,0.03731,2.55206
FASTKD2,0.81708,0.0815,0.72524,0.02549,3.30753
TIMM44,0.81691,0.08899,0.66322,0.00065,4.762
DDX54,0.81666,0.06299,0.83451,0.01865,2.20274
SNRNP200,0.81649,0.08903,0.54754,0.00658,4.84871
EIF5AL1,0.81609,0.10642,0.71975,0.00991,2.85816
OIP5,0.81564,0.08802,0.64396,0.01865,4.09331
SUPT16H,0.81558,0.09743,0.53585,0.00131,4.99582
SARS,0.81501,0.09907,0.56739,0.00065,4.93483
ALG2,0.81484,0.08494,0.6992,0.02001,3.75972
WBP11,0.81477,0.07858,0.57782,0.00197,5.32737
ASNSD1,0.8145,0.09371,0.65932,0.01058,4.15157
CD2BP2,0.81448,0.07387,0.70496,0.02138,4.11711
MRPL50,0.81393,0.08476,0.63311,0.00262,4.93948
AP1G1,0.8138,0.09815,0.64605,0.00791,4.21393
NIPA2,0.81353,0.05588,0.76875,0.00394,4.70338
ADNP,0.81343,0.06098,0.78243,0.01191,4.0879
PMM2,0.81334,0.06357,0.65449,0.00526,5.2321
UROD,0.81257,0.06418,0.81994,0.01798,3.04938
MDN1,0.81257,0.05167,0.75085,0.02343,4.29777
FANCD2,0.81237,0.07703,0.69743,0.01258,4.42693
NSFL1C,0.81224,0.04129,0.73221,0.00526,5.1793
NFYC,0.81216,0.05407,0.71118,0.01865,4.71328
EIF2S3,0.81212,0.02137,0.77299,0.00065,5.31698
SUGT1,0.81209,0.09425,0.65524,0.01058,4.2268
NCBP1,0.81207,0.08698,0.65836,0.01325,4.33867
DGUOK,0.81179,0.05798,0.69663,0.0248,4.57319
PPP1CA,0.81157,0.11097,0.49998,0.00328,4.67271
RBBP4,0.81146,0.11894,0.60106,0.00131,4.28903
COPS5,0.81106,0.09043,0.65013,0.0146,4.2553
POLR2B,0.81088,0.11358,0.61345,0.00791,3.9591
RFC2,0.81009,0.1146,0.68002,0.01798,2.63145
RNMT,0.81001,0.08732,0.73053,0.02138,3.41883
ADAM10,0.8099,0.09757,0.77319,0.01325,2.35092
DLD,0.80905,0.06714,0.72449,0.00328,4.97239
NDFIP2,0.80893,0.08745,0.76068,0.01058,3.60866
NUDCD2,0.80854,0.08344,0.59824,0.01662,4.73393
EIF2B1,0.80848,0.08231,0.66918,0.01933,4.31992
ISCA1,0.80846,0.0904,0.63877,0.01865,4.26177
COPB2,0.80843,0.05421,0.7276,0.00328,5.2065
COPS6,0.80841,0.07647,0.67535,0.00328,5.04367
CUL1,0.80839,0.06328,0.77668,0.01798,4.01443
PRPF31,0.8081,0.0635,0.68329,0.00658,5.15782
POU2F1,0.80807,0.04699,0.76003,0.01798,4.57945
RNF10,0.80798,0.05276,0.78605,0.00592,4.62286
CIAPIN1,0.80757,0.05442,0.66697,0.01527,5.16141
MRPS30,0.80688,0.0811,0.58153,0.00924,5.11929
ADIPOR1,0.80672,0.05561,0.71364,0.00991,5.05122
ANAPC1,0.80664,0.12525,0.50855,0.05886,1.68806
SKA3,0.80646,0.0341,0.81995,0.00592,4.57642
TBRG1,0.80634,0.0678,0.70467,0.02343,4.48522
THOC2,0.80627,0.02432,0.82892,0.00262,4.746
CNIH1,0.80625,0.06555,0.75611,0.00262,4.87708
GPN1,0.80606,0.0684,0.73883,0.02617,4.11914
UBE3C,0.80598,0.09099,0.75225,0.02274,3.01849
TMEM59,0.80588,0.08107,0.65707,0.01258,4.72365
MED27,0.80571,0.0866,0.71368,0.06998,1.77246
CELF1,0.80566,0.04304,0.75371,0.00526,5.16075
FIS1,0.80562,0.03302,0.80155,0.02001,4.31962
RRP1B,0.80556,0.09153,0.64591,0.00658,4.68562
DDX47,0.80518,0.09415,0.68674,0.01058,4.21327
UTP18,0.8049,0.08622,0.62553,0.00592,4.97517
NUP93,0.80481,0.09569,0.70613,0.00858,4.13408
POM121C,0.80471,0.08989,0.71076,0.02963,3.41001
KIAA1731,0.8043,0.12092,0.75102,0.01258,1.04457
PRPF38B,0.80421,0.06392,0.67726,0.00592,5.28124
DNAJC9,0.80383,0.08498,0.57661,0.00725,5.16189
MCM10,0.80382,0.04423,0.77287,0.00658,4.95402
COX17,0.8038,0.0468,0.67817,0.01662,5.25198
SPIN1,0.80306,0.07345,0.74152,0.01058,4.52776
RIOK3,0.8028,0.06209,0.74932,0.00924,4.77615
THOC3,0.8025,0.05159,0.70811,0.03311,4.67701
WDR82,0.80157,0.07928,0.75131,0.01191,4.24592
RAB35,0.80126,0.0656,0.76127,0.01191,4.56371
RRP9,0.80106,0.04973,0.77094,0.00991,4.82718
UBIAD1,0.801,0.0983,0.72994,0.03521,2.50173
MED30,0.80095,0.05397,0.79576,0.08057,2.14332
HNRNPH1,0.80018,0.09906,0.71424,0,4.72586
IGBP1,0.79934,0.0637,0.76354,0.01933,4.40788
LTN1,0.79893,0.07526,0.78725,0.05158,2.18991
TXNDC9,0.79868,0.08586,0.68723,0.01258,4.58396
FCF1,0.79866,0.08973,0.68587,0.01191,4.49327
CFDP1,0.79843,0.07111,0.68169,0.01258,5.01958
CHERP,0.79813,0.08162,0.7817,0.02001,3.49808
PNRC2,0.79801,0.08151,0.68347,0.00658,4.94802
RBM4,0.79782,0.06385,0.67206,0.01933,5.07359
NXT1,0.79779,0.05584,0.70562,0.02411,4.92621
ERLEC1,0.79761,0.08692,0.71738,0.03802,3.52297
MOB1A,0.79748,0.06546,0.74916,0.02824,4.29241
CCNL2,0.79746,0.03173,0.82285,0.01527,4.47957
CDCA5,0.7971,0.07592,0.65204,0.00858,5.20393
TUSC2,0.79705,0.09117,0.6551,0.01124,4.7046
NFRKB,0.79702,0.08298,0.72323,0.03381,3.81196
PIP4K2C,0.79659,0.11256,0.73292,0.03311,1.16744
SEC22B,0.79628,0.09526,0.72642,0.00658,4.30337
PHF5A,0.79614,0.10018,0.59068,0.00065,5.25507
EP300,0.79611,0.07157,0.83918,0.00791,3.6509
NKTR,0.79593,0.04693,0.80177,0.01662,4.50307
POLR3H,0.79583,0.06723,0.75953,0.01191,4.67495
PPP6C,0.79564,0.10406,0.65096,0.00592,4.59398
PDAP1,0.79559,0.11561,0.46998,0.00328,4.98792
NOL8,0.79555,0.07013,0.76191,0.0173,4.40885
NCAPH2,0.79554,0.07224,0.74278,0.01393,4.63057
DPM1,0.79551,0.07266,0.70628,0.0046,5.1842
YLPM1,0.79548,0.05794,0.8054,0.02824,3.85625
GLG1,0.79519,0.05849,0.75686,0.01798,4.71872
ORC4,0.79475,0.09233,0.68939,0.02411,4.11073
CHMP1A,0.79471,0.04695,0.73301,0.01058,5.30094
HNRNPUL1,0.79449,0.04469,0.81666,0.00592,4.77098
TMEM199,0.79435,0.0625,0.71004,0.03591,4.59646
ATP6V1C1,0.79428,0.09074,0.71946,0.01865,4.12039
ZMAT2,0.79408,0.06555,0.75735,0.01191,4.76794
SART3,0.79344,0.09201,0.71507,0.02411,3.9428
AZIN1,0.79325,0.09737,0.6794,0.00131,4.95547
ZDHHC5,0.79306,0.08481,0.81061,0.0248,2.65584
PARN,0.79293,0.05567,0.75454,0.01662,4.88828
HDAC1,0.79292,0.07371,0.68946,0.00725,5.19105
BECN1,0.79265,0.09516,0.75626,0.05376,1.63875
SMU1,0.79265,0.07841,0.73081,0.00791,4.8051
SUPT6H,0.79263,0.11183,0.72169,0.02755,2.62405
GNPNAT1,0.79254,0.05434,0.81083,0.01124,4.54005
NCAPD2,0.79247,0.06979,0.77718,0.02206,4.16455
GPBP1L1,0.79232,0.07236,0.69787,0.00526,5.2723
NUP43,0.79213,0.07208,0.82281,0.01595,3.68727
C6ORF106,0.79192,0.06609,0.8322,0.01058,4.00321
COPB1,0.7918,0.06758,0.68767,0.01058,5.27164
FAM204A,0.79145,0.09601,0.66591,0.04155,3.80957
MRPL49,0.79097,0.08035,0.65557,0.00725,5.2524
VTA1,0.79093,0.10765,0.63157,0.00394,4.79051
MTCH1,0.79088,0.04486,0.83159,0.00791,4.62005
WBP4,0.79054,0.05728,0.77592,0.01933,4.62598
EP400,0.7902,0.09566,0.77949,0.03661,2.06172
PHF3,0.79019,0.04786,0.83538,0.01865,4.15407
TIA1,0.79011,0.09014,0.75857,0.02894,3.43517
HARS,0.78977,0.05897,0.69553,0.0173,5.24943
RNMTL1,0.78933,0.06976,0.71559,0.0173,4.92724
USP8,0.78932,0.0997,0.67102,0.01798,4.33482
HP1BP3,0.78922,0.08827,0.73012,0.01798,4.27143
LUZP6.MTPN,0.78915,0.0553,0.79721,0.01258,4.69958
GCC2,0.78898,0.07509,0.77644,0.02206,4.12086
PLA2G12A,0.78881,0.09824,0.73545,0.06033,2.04177
AP1M2,0.78869,0.07711,0.74465,0.01933,4.49817
ZC3H14,0.78859,0.10095,0.65875,0.02001,4.32349
RNASEH2C,0.78843,0.03529,0.77912,0.00791,5.29605
BIRC6,0.78842,0.0765,0.76905,0.0146,4.43055
LIN7C,0.78815,0.08775,0.80239,0.01662,3.43518
UBL7,0.78814,0.0522,0.77785,0.03311,4.44101
RREB1,0.78812,0.00713,0.83869,0.00394,5.0775
PCBP2,0.7881,0,0.82465,0.03731,4.43012
NDUFAF5,0.78788,0.06778,0.7852,0.0798,2.61642
CACUL1,0.78784,0.07001,0.75851,0.00526,5.03288
NRAS,0.78716,0.08515,0.70919,0.01527,4.68079
C17ORF85,0.7869,0.08421,0.79303,0.02963,3.25832
UBR1,0.78657,0.07161,0.79574,0.03802,3.573
TMX1,0.78653,0.07934,0.76712,0.00197,4.93816
CHD1,0.78652,0.08938,0.76134,0.01662,4.06186
FGFR1OP,0.78633,0.07086,0.76996,0.02343,4.3685
MPHOSPH8,0.78615,0.02695,0.83502,0.0046,5.02845
CCDC43,0.78603,0.06671,0.69283,0.01393,5.29288
SNRNP27,0.78586,0.03752,0.76821,0.01258,5.28058
ZC3H13,0.78577,0.05954,0.77337,0.00658,5.10911
RNASEH1,0.78511,0.0751,0.63254,0.02617,5.12611
TNRC6A,0.7849,0.08881,0.79989,0.01191,3.79815
APOPT1,0.78489,0.07431,0.66046,0.02343,5.09832
CCNB2,0.78479,0.10217,0.65657,0.01058,4.71988
FTSJ2,0.78447,0.08839,0.66661,0.00791,5.12437
ATXN3,0.78434,0.07943,0.76435,0.07828,2.62162
API5,0.78346,0.07873,0.71593,0.00394,5.27338
ZNF24,0.78336,0.0613,0.77886,0.04014,4.20729
DHX16,0.7832,0.09099,0.77385,0.03661,3.13816
BRD7,0.78297,0.08824,0.79672,0.04084,2.55609
CLPB,0.78272,0.09079,0.81744,0.04226,0.96053
RIF1,0.78269,0.0257,0.82823,0.00394,5.21003
RSL24D1,0.782,0.11539,0.58443,0.00328,5.0421
TRIM27,0.78159,0.09141,0.71046,0.0146,4.64674
EIF2A,0.78115,0.10458,0.66128,0.00394,4.98031
MCM2,0.78091,0.07915,0.72971,0.00328,5.27395
UBA6,0.78081,0.10841,0.78336,0.03381,1.49783
SLC25A36,0.78067,0.08283,0.75116,0.0173,4.54041
CPSF7,0.78029,0.08001,0.7006,0.01798,4.95407
RBM5,0.78021,0.0678,0.79552,0.02755,4.23397
KIAA1429,0.78015,0.0866,0.75206,0.05448,3.40636
RPRD1A,0.77985,0.08863,0.76511,0.01798,4.19546
CEP350,0.77975,0.09256,0.77276,0.06181,2.10359
ASH1L,0.77954,0.07041,0.80621,0.04583,3.48581
PRC1,0.77913,0.09764,0.73634,0.01325,4.39481
UBE3A,0.77887,0.06154,0.83499,0.02138,4.0925
QTRTD1,0.77879,0.08213,0.74129,0.02755,4.41581
C9ORF114,0.7786,0.08977,0.75361,0.01325,4.4822
PRKAR1A,0.77839,0.07608,0.80953,0.02206,4.00716
SEC23B,0.77836,0.06636,0.75728,0.00592,5.30996
KIF11,0.77823,0.10691,0.74528,0.02824,3.38196
ALKBH5,0.77785,0.09415,0.80905,0.0146,3.58522
COX10,0.77759,0.10031,0.71286,0.03802,3.77833
AQR,0.77755,0.10398,0.73842,0.02274,3.87033
CCDC6,0.77724,0.10733,0.78755,0.02686,2.45351
RCL1,0.77702,0.08193,0.7091,0.02549,4.7482
RPE,0.77688,0.12034,0.65181,0.04726,3.27654
EFCAB14,0.77687,0.06621,0.75896,0.02206,4.87048
SMC5,0.77687,0.08846,0.76728,0.03102,3.86185
LSG1,0.77654,0.08546,0.72539,0.01527,4.80585
RFC4,0.77633,0.05831,0.79879,0.02617,4.5628
RIOK1,0.77623,0.07812,0.68252,0.01595,5.24709
ICE2,0.77619,0.05614,0.79678,0.06328,3.93191
MAK16,0.77605,0.09004,0.70668,0.00924,4.99946
NUP214,0.77492,0.1141,0.72506,0.02138,3.73393
TRNAU1AP,0.77482,0.09724,0.75651,0.06181,2.68537
NCAPG,0.7743,0.10296,0.72245,0.02001,4.22657
MGEA5,0.77378,0.09696,0.82264,0.02755,2.43535
XRN2,0.77377,0.12077,0.50421,0.00592,5.19125
PDS5B,0.77324,0.08873,0.78233,0.02001,4.11862
AP5M1,0.77323,0.10105,0.77269,0.0487,2.52047
EPT1,0.77323,0.06925,0.79483,0.01933,4.60998
ERLIN1,0.77292,0.07836,0.79583,0.03311,3.94772
TPX2,0.77268,0.11432,0.62235,0.00065,5.32919
NARS2,0.77257,0.09439,0.74634,0.05376,3.46543
CNOT10,0.77225,0.09684,0.70321,0.02206,4.5749
TP53RK,0.77219,0.06536,0.79596,0.03032,4.4637
ITCH,0.77212,0.0907,0.7524,0.02686,4.22414
HIPK1,0.77181,0.09875,0.77376,0.03102,3.47598
CHD8,0.77174,0.06077,0.79137,0.02001,4.84288
FGD5.AS1,0.7717,0.07613,0.79588,0.03802,3.95172
FAM168B,0.77139,0.08395,0.73401,0.02274,4.72818
EML4,0.77135,0.08227,0.76399,0.04155,4.0839
POLR3K,0.77077,0.10883,0.6171,0.00592,5.19953
ASCC2,0.77042,0.09888,0.78464,0.03943,3.02372
MAD2L1,0.77037,0.11792,0.62511,0.00262,5.14729
GUF1,0.77035,0.08698,0.69938,0.0173,5.0218
TUG1,0.7698,0.05975,0.81481,0.02549,4.55707
SWAP70,0.76973,0.07488,0.81861,0.04155,3.60609
TTLL4,0.76966,0.07285,0.77115,0.02894,4.59256
TRIP11,0.76953,0.08761,0.77837,0.04084,3.72526
NAMPT,0.7693,0.0878,0.68588,0.04369,4.5615
DYNC1I2,0.76925,0.117,0.59915,0.0046,5.17486
RNF2,0.76882,0.12504,0.68494,0.01325,4.2625
KIAA0100,0.76852,0.06972,0.81156,0.02686,4.32129
FAM200B,0.76827,0.08143,0.75901,0.06699,3.78727
HELZ,0.76813,0.11783,0.68086,0.02274,4.19221
USP36,0.76812,0.10019,0.75696,0.01527,4.33957
PCNT,0.76767,0.0903,0.76796,0.03171,4.08009
NOC3L,0.76737,0.06401,0.79151,0.02549,4.76491
LSM10,0.76695,0.05933,0.76324,0.02001,5.24105
POLR2D,0.76691,0.09872,0.65149,0.00991,5.25627
ARFGAP2,0.76654,0.07045,0.80298,0.02617,4.48223
ILKAP,0.76624,0.10069,0.68796,0.04369,4.21629
UBE4A,0.76612,0.09085,0.74661,0.02411,4.54028
ZSWIM7,0.76598,0.05651,0.75486,0.03102,5.16117
STAMBP,0.76586,0.10795,0.72506,0.06625,3.04137
GATC,0.7655,0.09466,0.70485,0.03102,4.58605
SUDS3,0.76516,0.06931,0.7857,0.01325,5.05651
ZBTB40,0.76489,0.09236,0.75599,0.07676,3.19361
PINX1,0.7648,0.06398,0.77529,0.03171,4.83273
ADPGK,0.76457,0.09089,0.74788,0.02617,4.49861
SECISBP2,0.76438,0.08784,0.79664,0.05158,3.33538
GNL1,0.76421,0.08857,0.76698,0.01865,4.58889
GPATCH8,0.7636,0.11545,0.66688,0.02001,4.54997
AAR2,0.76341,0.07632,0.7978,0.04226,4.09998
COX19,0.76274,0.09027,0.74824,0.0487,4.09861
CPSF2,0.76222,0.10838,0.70578,0.03102,4.23555
EXOC5,0.76188,0.07618,0.72559,0.0248,5.16905
COA1,0.76169,0.0621,0.79761,0.02894,4.77969
MED8,0.76148,0.05395,0.79037,0.04226,4.78548
UGGT1,0.76138,0.09512,0.71694,0.03171,4.58171
COPS2,0.76137,0.09631,0.70843,0.01058,5.14258
SETD2,0.76106,0.08228,0.81439,0.04084,3.73051
DPH2,0.76104,0.09841,0.71416,0.01527,4.91492
MRPL30,0.76052,0.08459,0.66471,0.02894,5.23025
GON4L,0.76028,0.05858,0.80457,0.04014,4.61828
RAD51AP1,0.76011,0.07571,0.76937,0.03102,4.74213
CWF19L1,0.75986,0.11605,0.71535,0.03731,3.80691
RPS3A,0.7596,0.10281,0.71758,0.01058,4.94021
VPS72,0.75916,0.08316,0.71225,0.02686,5.0842
MKLN1,0.75883,0.12307,0.66502,0.03521,4.12885
VMP1,0.75806,0.09882,0.74252,0.01527,4.77278
HDHD3,0.75767,0.10003,0.7569,0.05886,3.53981
FAF2,0.7574,0.05995,0.82057,0.01595,5.02405
ELF2,0.75659,0.07694,0.83314,0.05521,3.43416
FRG1B,0.75657,0.08064,0.7987,0.02001,4.65485
TOPBP1,0.75617,0.11626,0.78098,0.02824,3.29761
CSTF3,0.75601,0.10485,0.74001,0.01258,4.762
OFD1,0.75572,0.09058,0.76004,0.0146,4.92482
AURKA,0.75526,0.07348,0.83135,0.00328,5.10709
WDR75,0.75526,0.05383,0.83022,0.01798,5.02787
RBM27,0.75469,0.08567,0.71953,0.02549,5.10743
MRRF,0.75448,0.07818,0.72661,0.02824,5.18758
ALG13,0.7543,0.04833,0.81028,0.03032,5.07465
TOE1,0.75288,0.1151,0.75005,0.03311,3.85125
DHX33,0.7528,0.07811,0.80951,0.01393,4.8894
KIN,0.75212,0.0704,0.75741,0.05303,4.80801
MGA,0.75212,0.05659,0.80978,0.01933,5.22657
CDCA2,0.75201,0.076,0.82116,0.02824,4.45749
SKIV2L2,0.75199,0.09118,0.71805,0.01527,5.26742
CDK5RAP1,0.75178,0.11464,0.71756,0.03032,4.26925
DDX42,0.75135,0.06558,0.8406,0.02274,4.65904
UTP20,0.75095,0.10399,0.6986,0.02001,4.96697
SP3,0.74918,0.10864,0.76577,0.03241,4.01821
VAMP3,0.74879,0.09369,0.76578,0.01933,4.80889
TYW1,0.7487,0.07796,0.77948,0.08671,3.95964
CAAP1,0.74804,0.09855,0.77841,0.05158,3.83391
UBE4B,0.74788,0.08294,0.82186,0.03451,4.19524
NOC2L,0.74786,0.11572,0.7177,0.01124,4.86701
RBM23,0.74783,0.09369,0.82504,0.04654,3.3539
QRICH1,0.74716,0.09342,0.7575,0.00791,5.261
KRI1,0.74685,0.09175,0.81793,0.02894,4.09299
SCAF4,0.74664,0.08296,0.79001,0.02069,4.90226
USP24,0.74646,0.10027,0.74554,0.05667,4.14022
ARFGEF2,0.74644,0.07429,0.82838,0.0444,4.22
UBAP1,0.74627,0.08337,0.78369,0.04155,4.53346
ITGAE,0.74592,0.06959,0.74823,0.04014,5.23465
EMC7,0.74482,0.08509,0.75749,0.0173,5.25884
MMS22L,0.74462,0.10262,0.77985,0.09449,2.59804
CWC22,0.74377,0.106,0.78782,0.04226,3.75
TMEM69,0.7437,0.09883,0.68334,0.02138,5.30499
DUSP11,0.7435,0.06765,0.83017,0.05231,4.35017
CBL,0.74339,0.06335,0.83739,0.01798,5.04454
OPA1,0.7432,0.07872,0.793,0.02963,4.8581
STRBP,0.74312,0.07753,0.83362,0.02755,4.50448
MTO1,0.743,0.1182,0.77865,0.07073,2.35449
DHX38,0.74248,0.09541,0.7857,0.04226,4.22268
TEX10,0.74244,0.12321,0.69377,0.01393,4.90306
MED29,0.74153,0.06546,0.83707,0.03872,4.60092
PHIP,0.74136,0.0532,0.79974,0.03451,5.3019
VTI1A,0.74119,0.12488,0.76081,0.09842,1.07329
COL4A3BP,0.74087,0.09946,0.77093,0.04226,4.28679
EAPP,0.74078,0.07311,0.77848,0.03591,5.09105
PIGY.PYURF,0.74031,0.07222,0.79494,0.02069,5.26914
ZNF43,0.74027,0.10797,0.83121,0.04942,2.55182
UTP23,0.74024,0.05635,0.78836,0.04155,5.26591
TRIML2,0.74001,0.06258,0.79284,0.03102,5.28762
MED1,0.73982,0.08836,0.72033,0.03872,5.11714
EDEM2,0.73962,0.11548,0.75106,0.08826,2.95676
GINS4,0.73957,0.07035,0.80308,0.05158,4.70465
FUBP3,0.73949,0.08129,0.823,0.03943,4.37489
NCAPH,0.73879,0.1189,0.74932,0.04226,3.98552
MAT2B,0.73861,0.08173,0.83417,0.03241,4.38772
ZNF518A,0.73854,0.06986,0.81876,0.02549,5.02604
ABCF3,0.73813,0.08225,0.79443,0.02755,4.92226
PRR14L,0.73772,0.12521,0.69912,0.03102,4.51655
NUF2,0.73756,0.0754,0.82907,0.07752,3.88516
POLR1A,0.73753,0.08419,0.83372,0.08286,3.26913
ZNF271,0.73738,0.11363,0.79119,0.06328,3.05897
DIAPH3,0.73706,0.08639,0.82894,0.02617,4.48504
PSMD10,0.73706,0.07599,0.83779,0.02274,4.7682
NSUN4,0.73647,0.08664,0.78939,0.0487,4.51841
TSG101,0.73647,0.09567,0.72989,0.03171,5.07473
SLC4A1AP,0.73642,0.08469,0.81576,0.02549,4.73933
ITGB3BP,0.73641,0.101,0.76955,0.03731,4.48805
PCF11,0.73634,0.07133,0.81607,0.03032,4.97198
GTPBP10,0.73618,0.12559,0.67764,0.0596,4.18009
GTSE1,0.73605,0.0997,0.8129,0.01595,4.59819
CCAR2,0.73574,0.10977,0.80189,0.03451,3.89079
CWC27,0.73571,0.12094,0.68096,0.07223,4.10283
TRAPPC8,0.73559,0.12464,0.79812,0.02824,3.59795
UBR2,0.73509,0.10126,0.80266,0.03802,4.13168
CYTH2,0.73495,0.0408,0.83506,0.05158,5.01941
DDX41,0.73463,0.09794,0.75635,0.02549,4.99292
RPAP3,0.73423,0.09915,0.72739,0.01865,5.31768
TM9SF2,0.73391,0.07813,0.81678,0.01191,5.28745
ZDHHC3,0.7338,0.08538,0.74256,0.04511,5.09596
URB1,0.73349,0.08684,0.79596,0.08903,3.89341
ZNF468,0.73226,0.11486,0.78312,0.02001,4.46514
ZMPSTE24,0.7319,0.11802,0.75622,0.01393,4.83439
DNAJC10,0.73169,0.08358,0.73625,0.05303,5.12504
CAMLG,0.73161,0.10636,0.70858,0.03311,5.01832
TMEM126A,0.73152,0.07512,0.78976,0.02686,5.30242
WDR3,0.73113,0.09516,0.74345,0.02411,5.26831
TWF1,0.73112,0.12542,0.70582,0.02686,4.72866
NSL1,0.73084,0.10908,0.66852,0.04583,4.98024
YIPF5,0.73025,0.10316,0.77189,0.03872,4.52772
ARL16,0.72981,0.07885,0.81192,0.05014,4.65131
MAGOH2,0.72959,0.10277,0.66761,0.0444,5.19306
PPM1A,0.72914,0.09902,0.81344,0.04654,4.07924
ZCCHC8,0.72905,0.07559,0.83102,0.03521,4.77506
BUB1,0.72897,0.11914,0.77537,0.00791,4.89482
ZMYM2,0.72884,0.07413,0.80046,0.03451,5.15854
LAP3,0.72882,0.09683,0.80019,0.03311,4.58591
ACAP2,0.72862,0.09118,0.76972,0.05521,4.67794
TMEM87A,0.72832,0.09603,0.76621,0.02617,5.08827
RNF38,0.72816,0.12342,0.7577,0.02411,4.53564
SENP6,0.72772,0.10997,0.78661,0.03661,4.27846
ERGIC2,0.72763,0.09273,0.7698,0.0248,5.16802
SYPL1,0.7276,0.10751,0.80303,0.03032,4.30108
MLX,0.72728,0.09401,0.75097,0.03032,5.18979
MIS18BP1,0.72719,0.11049,0.74965,0.02206,4.96164
PDPK1,0.72708,0.08404,0.77681,0.03311,5.1742
RPP21,0.72668,0.04356,0.82117,0.05376,5.28856
ZNF850,0.72625,0.1244,0.76964,0.05813,3.63391
ARMC8,0.7262,0.08913,0.79327,0.02755,5.0173
CLASP1,0.72609,0.10828,0.8282,0.12179,-0.91032
TMEM9,0.726,0.07128,0.83211,0.03943,4.87237
HAUS6,0.72523,0.10796,0.68653,0.03521,5.20213
NUP133,0.7251,0.0943,0.77441,0.03381,4.96437
FANCI,0.72478,0.09642,0.75362,0.03102,5.1643
MIER1,0.7247,0.07464,0.80893,0.02824,5.26694
ATMIN,0.72464,0.08193,0.83621,0.04511,4.48566
NSMCE2,0.72462,0.07982,0.77939,0.05376,5.01336
TSNAX,0.72454,0.08717,0.82301,0.06774,4.14198
PCID2,0.72429,0.08636,0.81279,0.04369,4.66964
NANS,0.7242,0.06057,0.83794,0.02755,5.29115
SH3GLB1,0.72374,0.09294,0.76863,0.03731,5.01941
ACOT13,0.72334,0.11056,0.83259,0.05448,3.23417
MCMBP,0.7231,0.08813,0.80431,0.04084,4.76368
GBF1,0.72284,0.12086,0.82333,0.07148,2.24087
BLOC1S6,0.72269,0.11225,0.78227,0.05086,4.14274
CCDC93,0.72182,0.1255,0.77661,0.08826,2.87718
SRFBP1,0.7217,0.09828,0.80368,0.05813,4.2508
NUP155,0.72166,0.09202,0.78389,0.03591,4.98124
NDRG3,0.72128,0.09222,0.78558,0.0487,4.76304
OXSR1,0.72105,0.08701,0.81015,0.05594,4.57328
FIBP,0.72068,0.08515,0.75908,0.0487,5.20834
PATL1,0.71911,0.10745,0.84127,0.05376,3.43837
DNAJB12,0.71881,0.09927,0.75393,0.05303,4.87107
SHCBP1,0.71765,0.11896,0.80097,0.03521,4.17748
REV3L,0.7164,0.10328,0.79208,0.04297,4.61052
ARHGAP21,0.71577,0.11155,0.75704,0.05448,4.56869
C4ORF46,0.71577,0.07752,0.83298,0.07828,4.41685
PRKRA,0.71571,0.10966,0.77973,0.07676,4.03473
EBAG9,0.71547,0.09684,0.8165,0.07374,4.09052
STX18,0.71501,0.06514,0.80063,0.07223,5.17774
SKA1,0.7145,0.08358,0.83042,0.03872,4.84931
MTOR,0.7144,0.08143,0.80171,0.03311,5.30483
USP37,0.71363,0.09834,0.78544,0.076,4.42998
ATP2C1,0.71361,0.10943,0.81782,0.03241,4.41425
FBXO28,0.71276,0.12063,0.74681,0.03241,4.87224
ZW10,0.71271,0.10797,0.81823,0.10238,3.11908
TOLLIP,0.71208,0.09593,0.80862,0.05303,4.61661
POLR3A,0.712,0.11498,0.75108,0.05014,4.69594
PPP2R2A,0.71191,0.09035,0.84153,0.01325,5.17841
CCNH,0.71176,0.08663,0.79036,0.09527,4.5476
FAM210A,0.71163,0.1096,0.75607,0.02274,5.26632
SUV39H2,0.71146,0.11673,0.74437,0.10079,4.03788
PHF20,0.71116,0.12206,0.82738,0.06551,3.14102
LOC728554,0.71106,0.11847,0.63393,0.07828,4.98013
GOLGA5,0.71079,0.10045,0.78843,0.05594,4.66995
NECAP2,0.71042,0.12045,0.79294,0.0596,3.9866
MAP3K7,0.71034,0.10182,0.79071,0.05231,4.67828
NELFA,0.71032,0.08324,0.78389,0.05086,5.23892
ANKRD40,0.7103,0.08705,0.83478,0.03032,4.96838
LEO1,0.71025,0.12012,0.71774,0.02617,5.24953
PPP2CB,0.71006,0.12007,0.76419,0.0248,4.97131
METTL13,0.71003,0.11758,0.70242,0.03241,5.27728
RPRD1B,0.70998,0.11551,0.81308,0.06033,3.86245
RNGTT,0.70963,0.11827,0.79646,0.08133,3.61933
RTN3,0.70943,0.09665,0.67048,0.09136,5.23538
COA5,0.70933,0.06957,0.81052,0.06181,5.22174
ZNF320,0.70879,0.07718,0.83983,0.11119,4.14527
STYX,0.70829,0.11016,0.76562,0.03381,5.02679
ATAD1,0.70829,0.10463,0.78514,0.03591,4.95574
EPS15,0.70791,0.08566,0.78134,0.04942,5.2695
ARID2,0.70723,0.11545,0.80355,0.04155,4.40953
ZCCHC9,0.70601,0.09106,0.78997,0.05014,5.10094
ADIPOR2,0.70592,0.09702,0.81475,0.02963,5.03938
RALGAPB,0.70495,0.12621,0.79121,0.09921,3.26563
G2E3,0.70476,0.11918,0.77,0.02617,5.00952
ZC3HC1,0.70473,0.11051,0.74989,0.05521,4.9102
SPECC1,0.70472,0.10182,0.78116,0.0444,5.01125
ISG20L2,0.70436,0.08371,0.80747,0.03943,5.30626
WDR73,0.70363,0.09637,0.77562,0.06402,4.9754
PWP2,0.70336,0.12154,0.77975,0.02963,4.81439
NGLY1,0.70179,0.11339,0.77175,0.07525,4.4541
NME6,0.7015,0.09389,0.82257,0.06476,4.61255
RSBN1,0.70141,0.11404,0.74003,0.0798,4.6933
AUNIP,0.70041,0.09517,0.82195,0.0487,4.81991
ANGEL2,0.69922,0.11334,0.82113,0.12675,3.03735
NFU1,0.69907,0.07935,0.8049,0.09449,4.90805
POP1,0.6976,0.08091,0.83008,0.06625,4.96503
HAUS8,0.69722,0.09508,0.81557,0.08517,4.51395
TDP2,0.69708,0.10187,0.83392,0.04155,4.69634
NDUFAF1,0.6968,0.08601,0.83698,0.07525,4.64871
RNF8,0.69677,0.08798,0.81595,0.12509,4.31739
DIAPH1,0.69599,0.09261,0.81936,0.03241,5.25803
PDE12,0.69546,0.12655,0.81817,0.05813,3.9677
VKORC1L1,0.6944,0.09281,0.84152,0.06328,4.60751
CDC37L1,0.69431,0.1204,0.84132,0.09921,2.87648
SEC24C,0.69337,0.10696,0.82394,0.0248,5.09083
NDUFAF7,0.69336,0.08894,0.83889,0.03241,5.20959
PARPBP,0.69281,0.10993,0.79537,0.0574,4.7649
ARHGEF7,0.69261,0.09511,0.7833,0.05376,5.30851
SAR1B,0.69205,0.09845,0.80519,0.04942,5.0978
INIP,0.69192,0.12287,0.78233,0.08209,4.25857
RNF111,0.69174,0.09586,0.82008,0.04511,5.09171
RNF216,0.69136,0.10737,0.79844,0.03943,5.1
RPUSD4,0.69109,0.1109,0.75665,0.0444,5.29752
Mar-05,0.69065,0.12088,0.8095,0.08286,4.01185
ZBTB43,0.68994,0.11345,0.82695,0.08133,4.0381
SLC35E1,0.68878,0.08836,0.83938,0.07298,4.76902
ELP3,0.68877,0.10449,0.7831,0.06107,5.07968
TMEM242,0.68874,0.08744,0.80522,0.09684,4.90602
POLE,0.68834,0.10895,0.78626,0.05667,4.99014
ATAD5,0.68831,0.08827,0.82084,0.06923,5.03775
EDC3,0.68816,0.08288,0.82922,0.04942,5.32514
MMS19,0.68678,0.10822,0.80094,0.06699,4.77973
PTPN1,0.6865,0.08608,0.82156,0.06774,5.15793
UXS1,0.68575,0.11492,0.80196,0.04583,4.90527
POLR3F,0.6855,0.0989,0.8362,0.07904,4.52629
ANKFY1,0.6844,0.11996,0.78088,0.07828,4.60392
CREB1,0.68415,0.1267,0.73086,0.07752,4.90577
NUPL1,0.68373,0.12587,0.80495,0.03661,4.83058
INTS4,0.6829,0.09249,0.78034,0.08903,5.20483
MBD1,0.68282,0.10278,0.83808,0.06402,4.65429
ZNF286A,0.68246,0.10468,0.75509,0.09449,5.0954
DIEXF,0.68138,0.08314,0.82763,0.06774,5.27572
KRIT1,0.68131,0.11542,0.76471,0.06181,5.13417
RMDN3,0.68072,0.12318,0.79355,0.06107,4.72857
LRRFIP2,0.68021,0.10828,0.83782,0.04084,4.89948
DDX28,0.67891,0.08774,0.81322,0.07828,5.23191
DSCC1,0.67794,0.12457,0.82787,0.05886,4.41537
SLC39A9,0.67628,0.1124,0.81069,0.03661,5.2374
C5ORF22,0.67567,0.12285,0.8238,0.076,4.30738
PRRC1,0.6746,0.10193,0.80335,0.06402,5.22932
NCAPD3,0.66567,0.11338,0.82786,0.08517,4.65368
ESYT2,0.66334,0.11554,0.81404,0.06848,5.00857
ZFYVE20,0.66292,0.11145,0.76431,0.12841,5.01912
VRK3,0.66147,0.11722,0.84138,0.06699,4.73808
NSF,0.66041,0.11414,0.81127,0.10238,4.77035
C16ORF70,0.65876,0.11725,0.80175,0.07676,5.10202
FAM135A,0.65781,0.10614,0.83038,0.10238,4.83007
CHD6,0.65694,0.12394,0.78899,0.06774,5.22516
